{"graph": {"_type": "graph-file", "sha256": "db882165298e395bd9e61898e5136d3d40e9079e9d68134918b6c0946f059e42", "size": 850, "path": "media/graph/graph_summary_db882165298e395bd9e6.graph.json"}, "epoch": 24, "_timestamp": 1667377680.9958527, "loss": 0.3393400013446808, "accuracy": 0.8632500171661377, "val_loss": 0.35069096088409424, "val_accuracy": 0.8569999933242798, "_runtime": 90.92334270477295, "_step": 24, "best_val_loss": 0.3437076210975647, "best_epoch": 14}